id	symbol	chr	strand	nprots	ntrans	SV	WT	SV_prots	WT_prots	min_skipped_exon	max_skipped_exon	min_skipped_bases	max_skipped_bases
ENSG00000131018	SYNE1	6	-	21	41	152443812:152453257	152443812:152451855|152451914:152453257	[]	[]		1	1	59	59
ENSG00000131018	SYNE1	6	-	21	41	152464901:152469180	152464901:152466622|152466691:152469180	[]	[]		1	1	69	69
ENSG00000131018	SYNE1	6	-	21	41	152615263:152623004	152615263:152621776|152621917:152623004	[]	[]		1	1	141	141
ENSG00000131018	SYNE1	6	-	21	41	152638122:152639998	152638122:152639216|152639399:152639998	[]	[]		1	1	183	183
ENSG00000131018	SYNE1	6	-	21	41	152665363:152671303	152665363:152668194|152668371:152671303	[]	[]		1	1	177	177
ENSG00000131018	SYNE1	6	-	21	41	152668371:152671753	152668371:152671303|152671471:152671753	[]	[]		1	1	168	168
ENSG00000131018	SYNE1	6	-	21	41	152679673:152683305	152679673:152680450|152680594:152683305	[]	[]		1	1	144	144
ENSG00000131018	SYNE1	6	-	21	41	152688518:152690606	152688518:152690107|152690263:152690606	[]	[]		1	1	156	156
ENSG00000131018	SYNE1	6	-	21	41	152777180:152779892	152777180:152777803|152777938:152779892	[]	[]		1	1	135	135
ENSG00000131018	SYNE1	6	-	21	41	152793549:152804220	152793549:152801896|152801917:152804220	[ENSP00000441264]	[]		1	1	21	21
ENSG00000131018	SYNE1	6	-	21	41	152809639:152823768	152809639:152819877|152819928:152823768	[ENSP00000441264]	[]		1	1	51	51
ENSG00000131018	SYNE1	6	-	21	41	152832239:152841594	152832239:152832706|152832727:152841594	[ENSP00000441264]	[]		1	1	21	21
